,topic,hashtag,tweet_id,image_path,sample_path,body_text,image_text,text_with_OCR,label
0,asianhate_04,ChinaVirus,1254162507020763137,./tweet_data/asianhate_04/ChinaVirus/tweets4/EWeuJgbXkAAz1OD.jpg,./annot_100_hate/EWeuJgbXkAAz1OD.jpg,"@Reuters How long can we stay at home? This is not permanent solution.
#VirusGuard is the only solution to cope with #COVID19‚ùó

https://t.co/XwEak900vC

#wuhanvirus #chinavirus #coronavirus #chinaoutbreak #wuhanoutbreak #Mers #Covid_19 https://t.co/80KoQdV5Gh","BSTO
OVirus - Guard
Sustainable Disinfection
For 10 days disinfection and
protection against covid19
DISINFECTS &
PROTECTS UPTO
10 DAYS
ww.virguard.com
O Virus - Guard
‚Ä¢ Long-Term Disinfecting Wipes
100% TRUSTED PROTECTION
ONE
pinily bulalla Jolie
Fore onty
ALL
ALL
ALL
IN
IN
IN
ONE
ONE
ONE
ulestiee
he
Batria Punci k Vunes
Aicohal free Disirfection
MEDICALLY TESTED",sy virus guard sustainable disinfection 10 day disinfection protection wwi ae aera ny pe,0
1,vaccine_04,BillGatesBioTerrorist,1248344434120560642,./tweet_data/vaccine_04/BillGatesBioTerrorist/tweets2/EVMCpJxXQAEsSLi.jpg,./annot_100_hate/EVMCpJxXQAEsSLi.jpg,"So. Many. SHEEPLE! WAKE UUUPP!
#BillGatesBioTerrorist 
#BillGatesIsEvil 
#BillGatesPublicEnemy1 
#BillGatesIsNotOurFriend 
#BillGatesVaccine
#BillGatesVirus https://t.co/rFkHJGQvOV","OSRE
ALRIGHT",ie alright,0
2,politics_08,TrumpIsALaughingStock,1294450197435645952,./tweet_data/politics_08/TrumpIsALaughingStock/tweets3/EfbPlPOWAAEj3NC.jpg,./annot_100_hate/EfbPlPOWAAEj3NC.jpg,@AintParler @Lorrain86857415 @TheWorldWatch @SpinneyJr @hsbanik @sacmac11 @KraigtheBunny @MercerCreed @_White__Rabbit @TheTruthFairy4 @FiestyKiwi @G2Precision @WarrenJPierce @KumbarRajesh @sk8djglfrfoos @Acknowledgerea3 @JayCory7 @ADevotedYogi @Heather012177 @CrystalLozano4 @LisaSing75 @COCrowe @PhillipDenton @EricO_2020 @Janesmi74403686 @suprdupe @bkmoore777 @Jah18186004 @TideFanJoe @JackieO69045443 @TheTrollHunte14 @SockRocket2019 @stevendem @sham786364 @natehansen42 @mannazesq @Gummbyman32 @forcemultipler @HerpesMichael @nzhippygirl @SGijora @AdHomin1711 @ShaktiForTrump @WhoFeedsYou @JDavidBourne1 @rygh_sherrie @iflysims70 @kruttika108 @LisaSwartz8 @thedjrichyb Thank you for your opinion of the impeachment regardless of your feelings he is still impeached. I'm sending big hugs your way.ü§óü§óü§óü§óü§óü§ó #TrumpFailedAmerica #TrumpIsACriminal #TrumpIsALaughingStock #ProsecuteTrump #jailtime #PutinsPuppet #BIGHUGTOYOU https://t.co/Jo7ZZszJDJ,"WELL, BOOHOO. I'M SO SORRY YOUR
FEELINGS ARE HURT, PRINCESS.",oa boohoo sorry aaa wa del ah,0
3,politics_08,TrumpIsANationalDisgrace,1292919661206687748,./tweet_data/politics_08/TrumpIsANationalDisgrace/tweets2/EfFfVjwX0AUmmcQ.jpg,./annot_100_hate/EfFfVjwX0AUmmcQ.jpg,"Gallup poll: 4 out of 5 Republicans don't think America is great right now

165,935 Americans have died in vain

and Trump wants to give a Gettysburg speech? 

#BlameTrump 

#TrumpIsANationalDisgrace https://t.co/Qz0vUdFIhJ","Republican satisfaction with the state
of America has plummeted
Overall American satisfaction is the lowest it's been in almost a decade, Gallup reports
GREAT AGAIN
Most surveyed Republicans don't think that America is great lately. GETTY IMAGES",republican satisfaction state america plummet overall american satisfaction low decade gallup report bea rep getty images,0
4,politics_04,TrumpLiesPeopleDie,1248647765044776961,./tweet_data/politics_04/TrumpLiesPeopleDie/tweets2/EVQWgf-UcAA1Z3K.jpg,./annot_100_hate/EVQWgf-UcAA1Z3K.jpg,"@catjung @AmoneyResists Keep believing the bull$hit, all the data, #70days inaction and the most cases in the world shows you his response was bullshit. Americans are dying and will die, Trump supporters don‚Äôt give a damn. You are truly the mark of a con man. And not a good one. #TrumpLiesPeopleDie https://t.co/hren6p0YPL","WHEN YOU DON'T RECOGNIZE
A CON MAN WHEN YOU SEE HIM
Con
CONGRATULATIONS.YOU'RE THE MARK
imgfip.com",dont recognize pea ae es ta ws mt aor,1
5,politics_08,TrumpIsACompleteFailure,1291023422449999873,./tweet_data/politics_08/TrumpIsACompleteFailure/tweets1/Eeqi9h9XkAIdTbA.jpg,./annot_100_hate/Eeqi9h9XkAIdTbA.jpg,@CNN @SpiroAgnewGhost Yeah. We knew he'd be terrible and dumb. That's why most Americans did not vote for him. #TrumpIsACompleteFailure https://t.co/kbAoy6eYhm,"THIS IS NOT NORMAL
DON'T EVEN PRETEND THIS IS NORMAL",normal na fy,0
6,politics_08,TrumpIsACompleteFailure,1295518304426172417,./tweet_data/politics_08/TrumpIsACompleteFailure/tweets3/Efqa4GyWoAAP6R0.jpg,./annot_100_hate/Efqa4GyWoAAP6R0.jpg,@washingtonpost Thank god for @SpeakerPelosi -- somebody has to stop @realDonaldTrump from destroying America from the inside. #VoteBlue2020 #TrumpIsACompleteFailure https://t.co/pq7fn8l2Zd,"TRUMP WILL BURN AMERICA
TO THE GROUND
TO SAVE HIMSELF
OCIALSECURITY
VALID FOR EWORK ONLY
WITH DAS LAUTHORIZATION
000-00-000o
UNITED STATES
POSTAL SERVICE
SIGNATURE
USA
FAIL
* dogwalk media",trump burn america ground alae fail,1
7,politics_04,LiarInChief,1248075400095215617,./tweet_data/politics_04/LiarInChief/tweets2/EVIN9S5UcAAUagq.jpg,./annot_100_hate/EVIN9S5UcAAUagq.jpg,@GeorgeTakei @roecats_8 Yep the #LiarInChief has got to go! #TrumpOwnsEveryDeath #TrumpVirusCoverup https://t.co/UvfpF6iIOK,"It seems like the administration has
moved from in competence to inhumanity.",hi seam ul move fire ol compete co,0
8,ageism_12,covidiots,1335669851709460480,./tweet_data/ageism_12/covidiots/tweets1/EfBDZe2WsAALsfb.jpg,./annot_100_hate/EfBDZe2WsAALsfb.jpg,"#coronavirusUS #COVID #COVIDIOTS Through deaths #lockdownextensions, raised #suicides #domesticviolence, #sexualabuse unemployment etc. #Covid_19 has caused havoc. #Hunger &amp; #riots R awaited. No drug no #vaccine STOP IT. Take advice https://t.co/Q9gFNSRYsp https://t.co/hMwlss70uz","1.The Danger We Face
2. The Disease And Global
THE
KNOWLEDGE
Spread
3. Work From Home
4. Bad Effects of Lockdown
5. Good Effects of Lockdown",danger face disease global tob spread work home ta bad effects lockdown good effects lockdown rf,0
9,politics_08,PedoGateIsReal,1289387271083266050,./tweet_data/politics_08/PedoGateIsReal/tweets1/EeTS4yNX0AAMNlC.jpg,./annot_100_hate/EeTS4yNX0AAMNlC.jpg,"A blind person would say this is edited... yeah surgery says. Nope it‚Äôs real. Wake up people #ObamaGateIsReal #Obama #ObamaGateAintGoingAway #Trump2020LandslideVictory 
#PEDOGATEISREAL #Pedowood #PEDOFILI #pedowoodexposed #Pedovore #pedo #PedoPanic #pedofilos #GreatAwakening https://t.co/WBEYKV7wEy","If Obama can wear this for an all night
Illuminati blood sacrifice you can wear a
mask in the grocery store Karen",obama wear night illuminati blood sacrifice wear mask grocery store karen fom py,1
10,ageism_04,covidiots,1245643591029944320,./tweet_data/ageism_04/covidiots/tweets1/EUlqPNoUcAAfEPk.jpg,./annot_100_hate/EUlqPNoUcAAfEPk.jpg,"Naniama! You go talk truth! üòÅüòÅ

So now we‚Äôve moved from ‚ÄòMisled‚Äô to ‚ÄòMisspoke‚Äô? What is it about you guys and the prefix ‚Äòmis‚Äô?
@moigovgh #CoronavirusOutbreak #Ghana #COVIDIOTS https://t.co/wJ9btDdSGB","COVID-19: Health
Minister 'misspoke' on
treatment of VIPS at
BoG hospital ‚Äì Oppong
Nkrumah
by Marian Ansah
April 2, 2020 2 min read
sroom.com www.citinewSFoom.com.ww.citin.woroom.com www.citinewaroom.co",health minister misspoke treatment vip bog hospital nkrumah oy marian,0
11,ageism_08,covidiots,1289633613873479682,./tweet_data/ageism_08/covidiots/tweets1/EeWy7eKXgAIJyKM.jpg,./annot_100_hate/EeWy7eKXgAIJyKM.jpg,"We‚Äôve seen it on video, the senator admitted and even apologized for it. Today, a Nigerian judge has passed a judgement that says otherwise. The truth is, The Nigerian system is rigged to help the poor and uplift the rich at whatever cost. #konji #COVIDIOTS #HeadsUpFACupFinal https://t.co/E4yMEavKYU","i
PUNCHNG.COM
Senator Abbo wins assault case despite video
evidence",oy ge wf senator abbo win assault case despite video evidence,0
12,asianhate_04,CCP_is_terrorist,1250733087438147585,./tweet_data/asianhate_04/CCP_is_terrorist/tweets3/EVt_F8jVcAAy9L8.jpg,./annot_100_hate/EVt_F8jVcAAy9L8.jpg,"@khunprinx And we will defend our friend from evil #CCP

#MilkTeaAlliance 
#ChinaLiedPeopleDie 
#CCP_is_terrorist 
#China
#StopMekongDam https://t.co/cxRAsbwljE","Let's talk about
cooperation, OK?
MEKONG
RIVER
MYANMAR
THAILAND LAOS
VIETNAM
CAMBODIA
Rehatemer
0130 2018.
CHINA",let talk nye mors ae vy cc ip il ll db pe bia bs ci fealty laos a8,1
13,politics_12,kag,1335725024926298112,./tweet_data/politics_12/kag/tweets1/Eoly09yVgAM08_k.jpg,./annot_100_hate/Eoly09yVgAM08_k.jpg,@iEuno @trainman_lover I see she wants to have an open and fair conversation about this. #KAG https://t.co/gKHoz9j8dz,"AT&T 5GE
3:16 PM
C10 4
000
Trainman_Lover
@trainman_lover
@trainman_lover blocked you
You are blocked from following
@trainman_lover and viewing
@trainman_lover's Tweets.",cave asic aon cea acca rr sper lover ee ea vy block block follow trainman lover view trainman lover tweet,0
14,politics_12,TrumpIsACompleteFailure,1336716070820990981,./tweet_data/politics_12/TrumpIsACompleteFailure/tweets2/Eoz4KvgW4AMg4ef.jpg,./annot_100_hate/Eoz4KvgW4AMg4ef.jpg,"@realDonaldTrump #TrumpVirusDeathToll287K ,
Over 102,000 hospitalized, and over 2,000 #Americans dying every day. This is #TrumpsAmerica .

At least Germany has a leader who gives a damn about her country's people. We have #DiaperDonald .

#TrumpIsACompleteFailure 
#TrumpIsANationalDisgrace https://t.co/sGplCKkGf9","Don't be afraid of
Covid! Don't let it
dominate your
life!""
BLA
Snarky Democrat
TWE
73
O Like
O comment
A Share",wee nt afraid nt let aoe woe oe oii ere aii iy ie nie siew coen ee sam,0
15,immigration_08,BuildTheWall,1296529811104358400,./tweet_data/immigration_08/BuildTheWall/tweets3/Ef4y_bfUYAAAoeW.jpg,./annot_100_hate/Ef4y_bfUYAAAoeW.jpg,@realDonaldTrump #DonaldTrump‚Äôs son #DonaldTrumpJr testimonial on how much he respected &amp; loved #SteveBannon‚Äôs #BuildTheWall #GoFundMe effort. Jr‚Äôs girlfriend #KimberlyGuilfoyle had same praise how beautiful the wall was going to be #awkwardmoments #SteveBannonArrested https://t.co/dk5IwFZPkz,"This is private enterprise at its finest. Doing it better, faster, cheaper than anything else and what you guys are
doing is pretty amazing. It started from a grassroots effort and it's doing some wonderful things for an important
issue""
Donald Trump Jr.",private enterprise fine well fast cheap guy pretty amazing start grassroots effort wonderful thing important issue donald trump jr,0
16,politics_04,CreepyJoe,1253617208959221762,./tweet_data/politics_04/CreepyJoe/tweets4/EWW9Jl5U0AA_-GH.png,./annot_100_hate/EWW9Jl5U0AA_-GH.png,"@ManFromMarina @CNN Peter which Joe are you going with? 

 #CreepyJoe  #DementiaJoe https://t.co/PgPDhEdndZ","If you're
paddling
upstream in a
canoe and a
wheel falls off,
how many
None ! Cause
pancakes fit in a
Ice cream
doesn't have
doghouse?
bones",paddle xi de ta canoe natal ae cause ice cream pancake fit ina doghouse nt,1
17,asianhate_04,ChinaLiedPeopleDied,1251924150060490752,./tweet_data/asianhate_04/ChinaLiedPeopleDied/tweets3/EV-6YO8WAAACgPz.jpg,./annot_100_hate/EV-6YO8WAAACgPz.jpg,"@RepDonBeyer It‚Äôs sad that highly partisan Democrats like Don Beyer support the Chinese Communist Party much more than they support the duly elected President of the United States.

#ChinaLiedPeopleDied https://t.co/7j9u47bGUS","00
LOOK AT ALL THOSE CRAZY DEMOCRATS IN
AMERICA BLAMING TRUMP FOR SOMETHING WE CAUSED
imgfip.com
9
27 15
50
Tweet your reply",cory look crazy democrats putt eti ts tia 15 bb tweet reply,1
18,politics_08,TrumpIsACompleteFailure,1295236561479450624,./tweet_data/politics_08/TrumpIsACompleteFailure/tweets3/EfmaydxXgAofQrd.jpg,./annot_100_hate/EfmaydxXgAofQrd.jpg,"Can trump not be so damn disgusting?
@realDonaldTrump 
@GOP
#TrumpIsAnInternationalLaughingStock 
#TrumpIsANationalDisgrace 
#TrumpIsACompleteFailure 
#TrumpCrimeFamily 
@ProjectLincoln 
@MeidasTouch https://t.co/7aH1VHMwqE","In 1993, Trumpasked,
""Is it wrong to be more
sexually attracted to
your own daughter
than your wife?""
At the time,
Ivanka was
13 years old.",int ts ita peta sexually daughter trad time ivanka ps year old ie ill,1
19,politics_04,TrumpGenocide,1255306873483468804,./tweet_data/politics_04/TrumpGenocide/tweets5/EWu-8k-XkAI7Gls.jpg,./annot_100_hate/EWu-8k-XkAI7Gls.jpg,"@ScottImmordino Sadly, I'm not surprised.
Heartless, gutless bastards who only care abt their status, money, and political connections
It's truly disgusting what OUR COUNTRY has become under this failed reality star, fascist wannabe
#TrumpGenocide
#GOPBetrayedAmerica https://t.co/u3IVUvvv09","Essential
employees
Companies making
""thank you"" ads
instead of giving
them raises or
hazard pay",ly ee pp employee companies ae thank ad instead give raise hazard pay,0
20,politics_12,TrumpIsACompleteFailure,1344285987757723649,./tweet_data/politics_12/TrumpIsACompleteFailure/tweets5/Eqfc-1ZVkAEmMco.jpg,./annot_100_hate/Eqfc-1ZVkAEmMco.jpg,"We have a shitty, self-serving, petty, irresponsible, uncaring, uneducated, lack of leadership. #TrumpIsACompleteFailure https://t.co/TeRkoR9ucQ https://t.co/9XRSS3fjgw","He doesn't read.
He doesn't think.
He doesn't listen.
He doesn't care.
He doesn't grasp.
Because,
He has no remorse.
He has no empathy.
He has no conscience.",nt read acme ee acme nt care nt grasp crm cle,1
21,asianhate_04,CCPVirus,1252110662165127168,./tweet_data/asianhate_04/CCPVirus/tweets3/EWBkAYdU0AEZY0s.jpg,./annot_100_hate/EWBkAYdU0AEZY0s.jpg,"@dcexaminer @BoycottChina9 @Huawei To all countries seriously affected by #CCPVirus, once your network is comprised, you are done.
UK and other countries have to consider seriously NOT to using #Huawei!

#CCPVirus #CHO #COVID19 #‰∏≠ÂÖ±ÁóÖÊØí #Ê≠¶Êº¢ËÇ∫ÁÇé 
#HKIsNotChina #TaiwanIsNotChina #ChinaLiedPeopleDied https://t.co/Fsr7Ci4brV","000
HUAWEI
Huawei O
@Huawei
@Huawei blocked you
You are blocked from following @Huawei and
viewing @Huawei's Tweets.",a7 lg oh lf huawei huawei huawei block block follow huawei view tweets,0
22,politics_04,TrumpGenocide,1248710458065944579,./tweet_data/politics_04/TrumpGenocide/tweets2/EVRPis5WsAEcBbl.jpg,./annot_100_hate/EVRPis5WsAEcBbl.jpg,"Seriously.......journalists need to be tougher with follow up questions. Trump keeps getting away with lying over and over with ZERO push back. Trump is getting away with regurgitating his gaslighting rally rhetoric. ENOUGH!
#TrumpBurialPits #Couchella #TrumpGenocide https://t.co/vVF6HfI74p","Press Conference
Propaganda Session
E HO
RDUNI
Governor
Audrew M. Cuomo",press conference propaganda session co yee ps peal 44 ia sem,1
23,ageism_08,covidiots,1299858032747327494,./tweet_data/ageism_08/covidiots/tweets5/EgoF_UvX0AA1Tem.jpg,./annot_100_hate/EgoF_UvX0AA1Tem.jpg,"Risk area, Preston, to London. Putting more lives at risk to push these baseless conspiracies. She‚Äôs risking her two young children as well.
I‚Äôm ashamed to be from the same family.

Enjoy this edit of her #COVIDIOTS https://t.co/qc6RmC0SFO","00
NO
BRAIN
YES,
I AM AS
STUPID AS
I LOOK
#COVIDIOT
Tweet your reply",ke ee ny ce il ys ly ae fai 00 cov din ae ty tweet reply,1
24,politics_12,dictatordan,1343780557365211136,./tweet_data/politics_12/dictatordan/tweets5/EqYRSdoU0AAXRty.jpg,./annot_100_hate/EqYRSdoU0AAXRty.jpg,Even his hometown has disowned him. üëèüëèüëèWangaratta.  #Wangaratta .  #DictatorDan #JailDanAndrews #DickheadDan  #AndrewsRoyalCommission #ICantStandDanAndrews https://t.co/iRV7OQWp9m,"MALARAT
Welcome to
WANGARATTA
NOT YOU DAN
FARK OFF
Ha traa bth
ketaran IDY TONw 2013",hie ne wang dan fark rend ao oz aa,1
25,vaccine_04,Plandemic,1253098813218152448,./tweet_data/vaccine_04/Plandemic/tweets4/EWPmtxzUEAAiT8x.jpg,./annot_100_hate/EWPmtxzUEAAiT8x.jpg,@doctorow Okay okay okay... I am finally getting there. #radicalized #Plandemic #LockedIn #feelsafe #day36 #dontcaughonme #masked #WhyDosentTheTeflonCoatedPresidentCatchIt https://t.co/uFXjq6x271,"THE
MASQUE OF
THE RED
DEATH
kindle",fi eed red death ee,0
26,politics_12,TrumpIsALaughingStock,1335035311655690242,./tweet_data/politics_12/TrumpIsALaughingStock/tweets1/Eob_ipLXMAAHjXZ.jpg,./annot_100_hate/Eob_ipLXMAAHjXZ.jpg,@POTUS @realDonaldTrump Your truly are #DaiperDon.  #DaiperDon.  #TrumpIsANationalDisgrace #TrumpIsALaughingStock #BiggestLoser #dumbdumbdonnie https://t.co/R1nvIBYXTY,AMERICA HAS SPOKEN..,america speak,1
27,asianhate_04,MakeChinaPay,1251848064844922880,./tweet_data/asianhate_04/MakeChinaPay/tweets3/EV91LaiXQAcyr5X.jpg,./annot_100_hate/EV91LaiXQAcyr5X.jpg,Yes! No lipstick under masks! But a little clear / near-clear pomade/lip balm ~ Any brand is a good idea~ #coronavirus #COVID19  #mask #MakeChinaPay @CBSNewYork @JohnElliottTV https://t.co/JicprEXplN,"LIMITED EDITION
Vaseline.
LIP THERAPY
HEAL
DRY
LIPS
Pink Bubbly
HELPS
NETWT 0.60Z (17g)
Vaseline.
Lip Therapy
ALOE
SLINIC
NETWT 0.60Z (17g)",eline pe c7 nn fad oe pp nie 06 ad wt ol ad,0
28,politics_12,TrumpIsANationalDisgrace,1338195764217073664,./tweet_data/politics_12/TrumpIsANationalDisgrace/tweets2/EpI59HyW8AA-EID.jpg,./annot_100_hate/EpI59HyW8AA-EID.jpg,@realDonaldTrump Quit your crying. You LOST. The People have spoken. SCOTUS have spoken.  So many people are dead and starving because of YOU! You can't lead. We'll clean up your mess! I can't wait until Jan. 20th! #TrumpVirus #BidenWonTrumpLost #BidenHarris #TrumpIsANationalDisgrace #concede https://t.co/Fk7cxJXUdP,"DOUBLE ISSUE
DEC. 21/DEC
2020
PERSONof theYEAR
TIME
JOE BIDEN
AND
KAMALA
HARRIS
CHANGING
AMERICA'S
STORY
AIWE,COM",person oi,0
29,asianhate_04,Wuhanvirus,1249227103712632832,./tweet_data/asianhate_04/Wuhanvirus/tweets2/EVYlbN2UEAEFUcD.jpg,./annot_100_hate/EVYlbN2UEAEFUcD.jpg,@aesthernatouch Time for Asians to form an ally against the #WuhanVirus and the tyranny regime üí™ https://t.co/vsZ2PVybUq,"IS YOUR NAME WIFI? BECAUSE I FEEL A CONNECTION.
76",wee 1s feel connection,0
30,politics_08,RacistInChief,1292948495817682944,./tweet_data/politics_08/RacistInChief/tweets2/EfF5gfeXsAEiFnn.jpg,./annot_100_hate/EfF5gfeXsAEiFnn.jpg,Really? The #RacistInChief is talking about ANOTHER capital gains tax cut? &amp; another tax cut for the ‚Äúmiddle class‚Äù that he defined as households with an income above $250K? Out of touch does not fit. That‚Äôs ‚ÄúLet the poor eat cake‚Äù type üí©üò° https://t.co/F9J8uPieLV,"%24
The only thing easier to buy √Æn
America than a gun is a Republican
imafio.com",zi aay ye es pie america gun hit easy fo buy,1
31,politics_08,TrumpIsACompleteFailure,1291413367618449415,./tweet_data/politics_08/TrumpIsACompleteFailure/tweets1/EewFnSCX0AA6-W0.jpg,./annot_100_hate/EewFnSCX0AA6-W0.jpg,"@realDonaldTrump You're a complete failure. Kudos to @jonathanvswan for exposing you for the fraud that you are. #TrumpOwnsEveryDeath #TrumpIsALaughingStock #TrumpIsNotWell #COVIDIDIOT
#TrumpHasNoPlan #TraitorTrump #TrumpIsANationalDisgrace #TrumpIsACompleteFailure

 https://t.co/Z4Zz1POcMR https://t.co/zUN1CSYf8q","i
SOIXV
FULL EPISODE.
YOUTUBE.COM
AXIOS on HBO: President Trump Exclusive
Interview (FullI Episode) | HBO",ee i5 hbo president trump exclusive interview episode hbo,0
32,politics_08,PedoJoe,1296197484583309312,./tweet_data/politics_08/PedoJoe/tweets3/Ef0Em4IWoAAvOIr.jpg,./annot_100_hate/Ef0Em4IWoAAvOIr.jpg,DON'T LET THIS HAPPEN...#PedoJoe is a TrojanHorse for COMMUNISM. #VoteTrump #Trump2020 #TrumpFOREVER https://t.co/jUMKTYbB9j,"TEXT TRUMP TO 88022
‚ÄúJoe Biden is a
Trojan Horse for
Socialism""
- President Donald J. Trump
RICA GREAT!",text trump 70 joe biden isa trojan horse sake na ah,0
33,asianhate_04,ChinaLiedPeopleDied,1248218707446226944,./tweet_data/asianhate_04/ChinaLiedPeopleDied/tweets2/EVKQRz6UUAE8sC-.jpg,./annot_100_hate/EVKQRz6UUAE8sC-.jpg,"@Yuriko76695497 @Wl9uZ So damn true. They conceal the epidemic and disguise as saviour lol.

#ChinaLiedPeopleDied 
#WuhanVirus https://t.co/NxFoEdBVqi","EUROPE & AMERICA:
CHINA HAS BROUGHT US A DEADLY DISEASE!
HONG KONG & TAIWAN:
imgflip.com
-First time?",europe america china bring deadly disease hong ens esa ura,1
34,politics_04,kag,1253706447470411779,./tweet_data/politics_04/kag/tweets4/EWYPSgFXsAEi_YL.jpg,./annot_100_hate/EWYPSgFXsAEi_YL.jpg,"Come join us for our National Weekend of Action, where we‚Äôll be engaging voters by making calls for President Trump so we can all #LeadRight and #KAG together! üá∫üá∏ https://t.co/C0CONAdVb2","NATIONAL WEEKEND OF
ACTION
MAKE CALLS | APRIL 24-26, 2020
JOIN US
ADERSH
TRUMP
VICTORY
NITIATIN",national weekend call april 2426 2020 join iz eu ga,0
35,politics_08,TrumpIsALaughingStock,1290850145056129026,./tweet_data/politics_08/TrumpIsALaughingStock/tweets1/EeoFXQgU0AAq4dy.jpg,./annot_100_hate/EeoFXQgU0AAq4dy.jpg,Axios interview with ü§° what a train wreck. #Axios #JonathanSwan #AnyoneButTrump2020 #AxiosOnHBO #TrumpIsALaughingStock #Swan https://t.co/532wmJz79H,Jonathan Swan representing all of us.,jonathan swan represent oe,0
36,politics_08,kag,1295941364186615808,./tweet_data/politics_08/kag/tweets3/EfwbzJAUcAECMdL.jpg,./annot_100_hate/EfwbzJAUcAECMdL.jpg,@ec_kag @jimscileppi @CountryTisOThee @gonepecan11 @TheMangoMan7 @mwtankard @bhoytie @kim2tex @Christine_MAGA @JasonRobergeVA @boomrsunr @girlygirl1227 @US13s @bheiss76 @KimJ1011 @twobarrels @leemack2 @MalinaFronda @TA_WYMAN @NobleMark22 @whydonttheytell Slow Joe is NOT what we need in America. We need a leader. Donald Trump is the man we need to #KAG https://t.co/RjKCUlC5Xc,"LET ME BLOW
IN YOUR EAR.
THAT'S AWESOME!
THANKS FOR THE
REFILL !",let blow ear fal thats awesome thank refill bd,1
37,ageism_04,covidiots,1252160430568607747,./tweet_data/ageism_04/covidiots/tweets3/EWCRRL6XgAAEgD_.jpg,./annot_100_hate/EWCRRL6XgAAEgD_.jpg,"Yep. There it is.
Forseen in a fantasy movie.
Natural selection. Go USA üëç
 #coronavirus #COVID #COVIDIOTS #Covid_19 https://t.co/Eg0q2Ir6ic","WEL
YOURSELVE
Aoase
KE
AT HOME
GOME
BAGK
Independence Day Rooftop Party
7,001 views",independence day rooftop party 7001 view,0
38,politics_08,TrumpIsALaughingStock,1295856614369452032,./tweet_data/politics_08/TrumpIsALaughingStock/tweets3/EfvOuOAVoAAkyUF.jpg,./annot_100_hate/EfvOuOAVoAAkyUF.jpg,"This killer combo wants your vote now!
Available now in our Etsy store 
Link in bio  

#ElectionHQ 
#Vote 
#TrumpIsALaughingStock https://t.co/vuUxBV8bna","BUNDY
DAHMER
2020",bundy dahmer 2020,0
39,politics_08,TrumpIsALaughingStock,1296221770127568898,./tweet_data/politics_08/TrumpIsALaughingStock/tweets3/Ef0a1DLU0AAd5tt.jpg,./annot_100_hate/Ef0a1DLU0AAd5tt.jpg,"@realDonaldTrump @senatemajldr It‚Äôs Wednesday August 19th and Donald J Trump IS the most corrupt President in American history. 
#TrumpKnewAboutRussiaBounty
#TrumpIsALaughingStock https://t.co/F1H0ayd972","POLITICS
Jonathan Swan Names The Most
""Stunning' Moment Of His Wild Trump
Interview
""He is not confronting reality when it comes to the
virus,"" the Axios journalist said.
By Ed Mazza",yip mi politics jonathan swan names stunning moment wild trump interview confront come virus axios journalist say ed mazza,0
40,politics_12,TrumpLiesPeopleDie,1335269002600394754,./tweet_data/politics_12/TrumpLiesPeopleDie/tweets1/EofUEnoW8AAs574.jpg,./annot_100_hate/EofUEnoW8AAs574.jpg,"@HappyPete55 @nazani14 @AngieGr60130939 @JMPeck69 @traderttt9 @TwiHusband @KEB22032 @kenserlore96 @Science_George @gunsnrosesgirl3 @TallDavid Nobody has the ""right"" to murder everyone around them. Any reference to ""rights"" is simply ANOTHER bullshit lie rolling downhill from the Liar In Chief.

#TrumpsAPathologicalLiar 
#TrumpLiesPeopleDie 
#MakeLyingWrongAgain https://t.co/P9OY0Wgdpg","Smells like
BULLSHIT
When
TRUME
Talks...",lik bullshit ly nd ere ee talk,1
41,politics_08,TrumpIsANationalDisgrace,1296295864835756034,./tweet_data/politics_08/TrumpIsANationalDisgrace/tweets3/Ef1eN8sWkAElhcO.jpg,./annot_100_hate/Ef1eN8sWkAElhcO.jpg,"@realDonaldTrump Man baby is screaming in all caps! üòÇüòÇüòÇ

#TrumpIsANationalDisgrace 
#DNC2020convention 
#25thAmendmentBeforeWeAllDie 
#AmericasGreatestMistake 
#BidenHarrisToSaveAmerica https://t.co/43ZIpP2NJx","Trump has shown
no interest in using the
awesome power of his
office to help anyone
but himself and his
friends. No interest in
treating the presidency
as anything but one
more reality show that
he can use to get the
attention he craves.""
- BARACK OBAMA
RIDIN' WITH BIDEN",trump show interest awesome power office help friend interest treat presidency reality use attention crave barack obama ridin biden,0
42,ageism_12,babyboomers,1334909614953926657,./tweet_data/ageism_12/babyboomers/tweets1/EoaNN-KVgAYM5uf.jpg,./annot_100_hate/EoaNN-KVgAYM5uf.jpg,@thistlefarms essential oils available NOW! #popupshopathome #facebookevent #benefit #tinybutmighty #Moclips #PacificBeachWA #GraysHarbor #NorthBeach #HiddenCoastScenicByway #WACoast #PCUSA @Presbyterian #millenials #GenX #BabyBoomers #SilentGeneration #GENERATION_Z #balance https://t.co/TByWj14xre,"LOVE HEALS
THISTLE FARM S
BALANCE
HEALING OIL",love heals le farm oo balance healing 9d pr ull id rah,0
43,politics_04,TrumpIsALaughingStock,1254081508236615680,./tweet_data/politics_04/TrumpIsALaughingStock/tweets4/EWdkewtVAAc4tRu.jpg,./annot_100_hate/EWdkewtVAAc4tRu.jpg,@realDonaldTrump Send them some disinfectant while you do that. #TrumpIsALaughingStock https://t.co/KVjWZdaxib,"AUATIUS
Whitest
CLOROX
Trump supporters
be like.
imgfipcom",pian ee aad ui trump att,1
44,politics_08,TrumpIsANationalDisgrace,1290268520727678977,./tweet_data/politics_08/TrumpIsANationalDisgrace/tweets1/Eefz-06XsAIKJzJ.jpg,./annot_100_hate/Eefz-06XsAIKJzJ.jpg,"@realDonaldTrump Then why has new cases outpaced testing by over 300%, genius? #TrumpIsANationalDisgrace #Biden2020ToSaveAmerica https://t.co/VaoDEtXHn9","CC GR
New!
HYDROXYCHLOROQUINE
NABISCO
OREO
DEMON GRRD
ALIEN DNA
AND
Supreme
Supreme
WT 2+2=3 FL OZ",gx le np sat af dee porno grep alien dna ie ie ee s7,0
45,politics_12,TrumpIsACompleteFailure,1340341979377483777,./tweet_data/politics_12/TrumpIsACompleteFailure/tweets3/EpnZ3vAXMAAVYZ2.jpg,./annot_100_hate/EpnZ3vAXMAAVYZ2.jpg,"@Todd24ever ""And God spoke unto Trump""

#TrumpIsALaughingStock #TrumpIsACompleteFailure #TrumpCrimeFamily https://t.co/cSCl2agePq","Only God
Can Judge
Me.
YOU'RE A CUNT
TEmeponarer.nes",god gee judge bs,1
46,politics_08,TrumpChaos,1300089723575304192,./tweet_data/politics_08/TrumpChaos/tweets5/EgrYTzxWoAEP1nY.jpg,./annot_100_hate/EgrYTzxWoAEP1nY.jpg,"It was perhaps one of the only times he wasn't lying.
And now we are here.
#TrumpRiots
#TrumpChaos https://t.co/Ma5GrwoXMh https://t.co/3aAPzAEGZ9","Trump:I Could Murder and Not Lose Votes
| WTF |
Updated Apr. 13, 2017 6:04PM ET / Published Jan. 23, 2016 2:51PM ET",trump gould murder lose vote vy 3s,1
47,politics_08,Trump2020Landslide,1298737977645043715,./tweet_data/politics_08/Trump2020Landslide/tweets4/EgYLTfBXcAcuNQy.jpg,./annot_100_hate/EgYLTfBXcAcuNQy.jpg,@hgurdon Wow! That would be something. Anything to get Slo-Joe to perform. #Trump2020Landslide https://t.co/5gdsLV1F7d,"l AT&T
10:26 AM
68% 4
AA
A donaldjtrump.com
TRUMP
PENC E
MAKE AMERICA GREAT AGAIN!
2020
It appears you are
as lost as me.
RETURN TO HOMEPAGE",1026 68 aa poa cece stl ha eee lose aa oo,1
48,politics_08,Chameleon,1293958532501561346,./tweet_data/politics_08/Chameleon/tweets2/EfUQbQKX0AAq3bO.jpg,./annot_100_hate/EfUQbQKX0AAq3bO.jpg,"We met this adorable #chameleon @Petco The associate explained that he was from the #amazon . Our family visited there recently, so felt sad about this. Tagging #PetCo here in case they will consider leaving these lovely creatures in their natural habitat. üò¢üå± üåé üáßüá∑ https://t.co/KifOSplJtS",,et coment tts sa le fae,0
49,vaccine_04,CoronaHoax,1250538057717051392,./tweet_data/vaccine_04/CoronaHoax/tweets3/EVrNu87U0AAk4iv.jpg,./annot_100_hate/EVrNu87U0AAk4iv.jpg,Want me to wear a mask in public? K! #Event201 #plandemic #BillGatesForPrison #DefundWHO #MAGA2020 #CoronaHoax #OutOfShadows #ppe https://t.co/MDgAShVgtz,"Feeling Safe Yet?
VACCINES CONTAIN
ABORTED FETAL
CELLS
RESEARCH
EvenT
201
Your body,
my choice.
Plndenic
eugenicist
Watch ""Out of
Shadows",fo op safe se eny qu yep plante oe sg,1
50,politics_04,Trump2020Landslide,1249806017145249793,./tweet_data/politics_04/Trump2020Landslide/tweets2/EVgz8O3WAAsbH-q.jpg,./annot_100_hate/EVgz8O3WAAsbH-q.jpg,@TheEllenShow #bekindtooneanother #ellentube my sign to you #EllenDeGeneres If Trump did then what would you say?? #Trump2020Landslide #Trump2020 https://t.co/l1jtC0TkjZ,"Ellen DeGeneres O
ThIElaShos
Fulioe
Happy birthday, KalyPenyf It's time to bring out the big
balloons!
0.53 AM-Oct 2017",ellen degeneres,0
51,ageism_08,covidiots,1289426986784288768,./tweet_data/ageism_08/covidiots/tweets1/EeT3AmgUMAAvxeL.jpg,./annot_100_hate/EeT3AmgUMAAvxeL.jpg,This tweet shed well.  #coronavirus #COVID19 #HermanCain #COVIDIOTS https://t.co/W2s5DvOGP5,"Herman Cain O v
Masks will not be mandatory for the
event, which will be attended by
President Trump. PEOPLE ARE FED UP!
@THEHermanC... ¬∑ 1d
South Dakota Governor: 'We Will Not
Be Social Distancing' at Big Mt. Rus...
westernjournal.com",herman cain 1d mask mandatory event attend president trump people fed south dakota governor social distancing big mt rus,0
52,politics_08,TrumpIsANationalDisgrace,1294831943817793536,./tweet_data/politics_08/TrumpIsANationalDisgrace/tweets3/Efgqym-XkAY_01H.jpg,./annot_100_hate/Efgqym-XkAY_01H.jpg,RIP Robert Trump... #WrongTrump #Trump #MAGA #TrumpFailedAmerica #TrumpIsANationalDisgrace #TrumpVirusDeathToll168K https://t.co/mghVOlcb3b,"Say what? I got
the wrong one? Fu#k!",ze get wrong,0
53,politics_08,goodvsevil,1298072619460239364,./tweet_data/politics_08/goodvsevil/tweets4/EgOuKuEXYAQWaWF.png,./annot_100_hate/EgOuKuEXYAQWaWF.png,"Should Christians vote? Wouldn't that mean they were ""pushing their morals"" on others? 
If they shouldn't vote, then atheists shouldn't vote either. They too would try to push their morals on others. ALL Laws Legislate Morality. Frank Turek  #WelcomeToTruth #GoodVsEvil https://t.co/BUZpOh38Hw","WELCOME TO TRUTH
ALL LAWS LEGISLATE MORALITY.
THE ONLY QUESTION IS, ""WHOSE MORALITY WILL BE
LEGISLATED?""
- DR. FRANK TUREK",law naa veena ot,0
54,politics_12,TrumpIsALaughingStock,1338030777070653440,./tweet_data/politics_12/TrumpIsALaughingStock/tweets2/EpGjtZwW4AQ96EA.jpg,./annot_100_hate/EpGjtZwW4AQ96EA.jpg,"Click on the pic please...üòÖüòÖüëé
#TrumpIsALaughingStock 
#Trump 
#Biden https://t.co/58H0ZrcnH7",Can I speak to Lou?,nt speak lou tutte,0
55,ageism_04,covidiots,1245336047686303746,./tweet_data/ageism_04/covidiots/tweets1/EUhSMSJUEAEwd9R.jpg,./annot_100_hate/EUhSMSJUEAEwd9R.jpg,"Coro-Na-Joke April Fools. Stop your own Desi Treatment, and take advice from a Medical https://t.co/ErhJohTIi7 initiative to stop all the #Covidiots making April Fool #StayHomeStaySafe #Aprilfools #coronavirus #covid19 #lockedown2020 #Quarantine #aprilfoolsday #socialDistancing https://t.co/l8PosceLlP","It's not Fun Anymore.
Rest at Home & Give a
Rest to your April Fool Pranks
Donot be a Covidiot.
AN INITIATIVE BY PRAKASH & PRITESH SETHIA,
ENPALALIO PUSHPANJALI 25
medi India Pvt Ltd
ALONG WITH TEAM MEMBERS OF
We serve all!",fun anymore rest home rest april fool pranks errr ee initiative prakash team member medi india ltd allt,0
56,asianhate_04,CCPLiedPeopleDied,1246102601717800960,./tweet_data/asianhate_04/CCPLiedPeopleDied/tweets1/EUsLtSXUcAEmP14.jpg,./annot_100_hate/EUsLtSXUcAEmP14.jpg,"@BIAUS #CCPChina is totally accountable on this #CCPViurs spread out !

#CCP_is_terrorist 
#ChinaLiedPeopleDie 
#CCPLiedPeopleDied https://t.co/mtirAJbQX2","(Blame him!Not me!
Rebelfepper
¬©RFA. 03.13.2020.",blame lead ax 320 rfa,1
57,ageism_04,covidiots,1250772832574898177,./tweet_data/ageism_04/covidiots/tweets3/EVui9AQXsAEb1z0.png,./annot_100_hate/EVui9AQXsAEb1z0.png,"Hey y'all let's go protest the lock down protecting us from this virus, but let's be safe about it and wear a mask. #COVID19  #COVIDIOTS  https://t.co/ugRFSNYdw2 https://t.co/sQsXUIKHVt","KEMOVE
WHITMER
REGIME
LIVE R
IE
END
LOCKDOWN
TRUMP
Why are these two wearing
masks?
Still from MSNBC video.",bw cs wear msnbc video,1
58,politics_04,kag,1253480005578997761,./tweet_data/politics_04/kag/tweets4/EWVBarIXsAUyJ7F.jpg,./annot_100_hate/EWVBarIXsAUyJ7F.jpg,"Dear #MAGA and #KAG Folks Trump would like you all to drink a cup of bleach. He said it would be ""Very powerful"" Cheers. üç∏ https://t.co/mLtYJDrbMG","Enjoy Responsibly. ¬©2017 Anheuser-Busch,
Bud Lights Beer, St. Louis, MO.",retool rea eel era ee,0
59,asianhate_04,ChineseVirus,1248927698203709441,./tweet_data/asianhate_04/ChineseVirus/tweets2/EVUVERYUMAA3alb.png,./annot_100_hate/EVUVERYUMAA3alb.png,"Result of Corona Quarantine

Visit us: https://t.co/M9lQ73JFus

#Quarantine #covid19 #coronavirus #chinesevirus https://t.co/nf3lKGkjXt","Corona Quarantine Effect
Kaaj & Button ka
Social Distancing
LooksGud
Kaj and Button bhi Social Distancing Kar rahe hain",button ka social distancing sz le ae ne et te le kaj button ey social eee lg rahe eti,0
60,politics_04,TrumpLiesPeopleDie,1250964609621770240,./tweet_data/politics_04/TrumpLiesPeopleDie/tweets3/EVxRrDHWAAQM2SD.jpg,./annot_100_hate/EVxRrDHWAAQM2SD.jpg,"@PressSec @realDonaldTrump You lie, he lies, you all lie.  Unfortunately people are dying because of it.
#TrumpLiesPeopleDie https://t.co/IP1YrI78eD","REMEMBER TO LOOK
BOTH WAYS BEFORE
YOU GO
FUCK YOURSELF.",remember 10 look 4s matt vr na,0
61,politics_04,goodvsevil,1245489902889963520,./tweet_data/politics_04/goodvsevil/tweets1/EUjed0aWsAc2Ctb.jpg,./annot_100_hate/EUjed0aWsAc2Ctb.jpg,"#goodvsevil #Kindle #Book Moon Blood 5 by Carol McKibben https://t.co/aAviyUNOJo @carolmckibben ""The most action-packed, thrilling, dangerous and, I think, the greatest surprise ending of this series."" -READER #DarkFantasy https://t.co/BaqHKYdC3T","THE FIKST BLOOD SON SERIES (BOOK
MOON
BLOOD
ONE LAST. BATTLE
CAROL MCKIBBEN",ww blood oo bom aes oy ed non nod ink 3s,0
62,politics_12,TrumpIsACompleteFailure,1342932283381186566,./tweet_data/politics_12/TrumpIsACompleteFailure/tweets4/EqMNs8ZW4AMKBfs.jpg,./annot_100_hate/EqMNs8ZW4AMKBfs.jpg,"You spew nothing but BS - you don't have a clue what you are talking about!  It's not just Democratic states but also  republican states like Texas/Florida near the top of states in cases and deaths, even with Florida lying about their cases/deaths. #TrumpIsACompleteFailure https://t.co/RndAHMeAv1",TREASON S GREETINGS,ie sonny ae,1
63,politics_08,TrumpIsANationalDisgrace,1290035101095493632,./tweet_data/politics_08/TrumpIsANationalDisgrace/tweets1/Eecf8s8UYAA2wEG.jpg,./annot_100_hate/Eecf8s8UYAA2wEG.jpg,The moment we are waiting for.  #TrumpFailedAmerica #TrumpIsANationalDisgrace https://t.co/JDsspWbuT0,"NBC NEWS
NOW
SOMEONE
PLEASE
SAVE US
FROM THIS
IDIOT
OF
RESIDENT
STATES
e NBC NEWS SPECIAL REPORT
SEAL
PRESIDENT TRUMP DECLARES NATIONAL EMERGENCY
LIVE
NBC NEWS",ba ne fo ui save jg idiot poe president trump declares national emergency ai ry,1
64,asianhate_04,ChiNazi,1253373931383218177,./tweet_data/asianhate_04/ChiNazi/tweets4/EWTg8XzUEAI33u8.jpg,./annot_100_hate/EWTg8XzUEAI33u8.jpg,Must hold #CCP and #WHO accountable for this pandemic. #ChinaLiedPeopleDie #chinazi #COVID19 https://t.co/XEWJtvOW8I,"HOW SHOULD WE DEAL WITH THE
WUHAN VIRUS SPREADING EVERYWHERE?
BE TRANSPARENT
ALERT THE
ABOUT IT
WORLD
COVER IT UP
DISPROPAGANDA.COM
AND IF ANYONE FINDS
OUT AND COMPLAINS,
CALL THEM A RACIST",deal wuhan virus spread ri es ss transparent alert cover world gp nd find complain outa racist al fi,1
65,politics_08,LiarInChief,1298795301935943680,./tweet_data/politics_08/LiarInChief/tweets4/EgY_cNwWkAAdWCh.jpg,./annot_100_hate/EgY_cNwWkAAdWCh.jpg,"One of the original, bold-faced, psycho liars @ night3 of AMERICAN LIAR PARTY. Trumpler‚Äôs ‚Äúalternate facts‚Äù nut job #kellyanneconway #GOPComplicitTraitors #PutinsPuppet #liars #LiarInChief #GOPConvention #GOP #TheLincolnProject #racism #racistinchief #VoteBlueToSaveAmerica #Biden https://t.co/dgNJbW8kGd","ALTERNATE
Facts Con-artist.
ERNC
SeMSNBC
KELLYANNE CONWAY
WHITE HOUSE COUNSELOR
LIVE
EREPUBLICAN NATIONAL CONVENTIONE
BYE BYE! CU
NEXT TUESDAY!",te kell tuesday,1
66,politics_12,TrumpIsACompleteFailure,1336385766356897795,./tweet_data/politics_12/TrumpIsACompleteFailure/tweets2/EovLxVMXcAI-g5e.jpg,./annot_100_hate/EovLxVMXcAI-g5e.jpg,fuck our president #TrumpIsACompleteFailure https://t.co/bz5IIGfRQ8,"DOCKE
SE
MILLIOC
JOE RICE
yare yare",coat joe fice die ty ee,0
67,vaccine_04,antivax,1253449630081331203,./tweet_data/vaccine_04/antivax/tweets4/EWUly7mX0AM4EsS.jpg,./annot_100_hate/EWUly7mX0AM4EsS.jpg,‚ÄúMore anti-vaxx propaganda trying to attack Bill Gates‚Äù via u/crazyc903 #vaxxhappened #antivax #antivaxx https://t.co/AQ9LHSSgt3,"NOT AN ENGINEER
DOCUMENTED
THIEF
NEVER FINISHED
COLLEGE
OWNS
VIRUS
PATENTS
NOT A DOCTOR
NOT AN
EPIDEMIOLOGIST
NOT A
VIROLOGIST
UNELECTED
V√çSITED
EPSTEIN'S PEDO
ISLAND COUNTLESS
TIMES
OWNS
VACCINE
COMPANIES",tae ui on nee virus ue ms lto tess vht company,1
68,ageism_08,covidiots,1289752788356829185,./tweet_data/ageism_08/covidiots/tweets1/EeYfUgSU4AA5Pya.jpg,./annot_100_hate/EeYfUgSU4AA5Pya.jpg,This is #bunnings in Maribyrnong.  What are you people shopping for??? #COVID19Vic #COVIDIOTS https://t.co/BKCfzqUXrG,"TOMEST PRCES
RE AST THE
MEE",ma ly ee lam ie ent ii la eee sammie ie arena ss,0
69,vaccine_12,BillGatesBioTerrorist,1344305998350135296,./tweet_data/vaccine_12/BillGatesBioTerrorist/tweets5/EqfvLk1XMAAcsSU.jpg,./annot_100_hate/EqfvLk1XMAAcsSU.jpg,@uksciencechief @UniofOxford @AstraZeneca Who's sponsored you #BillGatesBioTerrorist https://t.co/gUtfoEX3kr,"THERE SHOULD BE A LAW
REQUIRING DOCTORS AND
SCIENTISTS TO WEAR SPONSOR
JACKETS LIKE NASCAR DRIVERS
QTRUTHWARRIORGAVIN
gsk
SANOFIA
BAY
MERCK
Astrazeneca2
Pfizer
suVAON
THAT WAY WE WILL KNOW
WHICH BIG PHARMA/VACCINE
COMPANIES OWN THEM
Roche
GILEAD
BILL MELINDA
GATES fouderise
Gavi
CEPI",law require doctor scientist jacket run ge sl ie ra way know big company,1
70,politics_08,kag,1295465262569799680,./tweet_data/politics_08/kag/tweets3/EfpqymLUcAADqEJ.jpg,./annot_100_hate/EfpqymLUcAADqEJ.jpg,@Rock91964808 @Patty1z #KAG - Re-elect President Trump and vote out all Dems and Rinos https://t.co/jJyvLNgu2p,"LIVES MATTER
IF YOU NEED A COLOR IN FRONT OF THOSE TWO WORDS...
YOU'RE A RACIST.
WE ARE AMERICANS",ra need color word lael se pu ve se ie ss bes fi ie ze si americans,0
71,politics_04,Trump2020Landslide,1249097830981042176,./tweet_data/politics_04/Trump2020Landslide/tweets2/EVWv23xXYAY9LZ2.jpg,./annot_100_hate/EVWv23xXYAY9LZ2.jpg,@JoeMama123451 @TonyDos19 @RandyRRQuaid You media nut sucker love that fake shit #votedemocratignoranceisbliss #Trump2020Landslide https://t.co/8Q5ZFj2qFn,"CORPORATIONS
POLITICIANS
FAKE NEWS
MEDIA
LIKE US o Facdookicom/Neverrod.edfillay
LIBERALS",ee corporation,1
72,ageism_08,covidiots,1295903417668382721,./tweet_data/ageism_08/covidiots/tweets3/Efv5IeZX0AEkgKA.jpg,./annot_100_hate/Efv5IeZX0AEkgKA.jpg,"He: ""I have something private to tell you. My test came back positive."" 1964 Ford Thunderbird. #cars #Ford #COVIDIOTS https://t.co/iECmzssKEE","he
Private
World of
Thunderbird
A PRODUCT OF
Ford
MOTOR COMPANY",gp al si ss ye om ns le private world pa gord ceres prose,0
73,asianhate_08,CCP_is_terrorist,1294966427443634176,./tweet_data/asianhate_08/CCP_is_terrorist/tweets3/EfilGZlUEAACRml.jpg,./annot_100_hate/EfilGZlUEAACRml.jpg,"@ftchina CCP never respect freedom and democracy of Hong Kong. They are trying every means to stabilize their country, even killing them people. #CCP_is_terrorist #StandwithHongKong https://t.co/3nsUJJZ3rN","Faith leaders join forces to
warn of Uighur genocide
CCP, when will you
stop kiling them?
Uighurs are facing one
of the most egregious
human tragedies since
the Holocaust
@internationalfuckccp54321-
Rabbi Charley
Baginsky, Interim
Director of Liberal
Judaism
-70+ bishops,
imams and rabbis
(8Aug 2020)
Rowan Williams,
former archbishop
Imam Abdul
|Malik Mujahid
https://www.theguardian.com/world/2020/aug/08/faith-leaders-join-forces-to-warn-of-uighur-genocide",faith leader join force warn uighur genocide ccp em stop kile th obese 704 bishop imam rabbi oo 2020 ey,0
74,ageism_08,covidiots,1289840729116663809,./tweet_data/ageism_08/covidiots/tweets1/EeZvThIUcAAS_LE.jpg,./annot_100_hate/EeZvThIUcAAS_LE.jpg,@ToomeyWright Fixed it for you #COVIDIOTS - yw üê∑ü§™ü¶á https://t.co/VyTlmZZJsk,"The Elderly, Poor, Children
Scott Morrison/LNP
PARTY",st child oe ee ad hte,1
75,politics_08,PersonWomanManCameraTv,1295288960889942016,./tweet_data/politics_08/PersonWomanManCameraTv/tweets3/EfnKcXWUwAAcBjD.jpg,./annot_100_hate/EfnKcXWUwAAcBjD.jpg,"@dntaskdntcare @ChidiNwatu @JoeBiden üò¨
The whitehouse is now a #shelteredworkshop for world‚Äôs dumbest criminals FFS üôÑü§£ü§£ü§£ü§´üí©üéü

#trumphasBrainDamage 
#personwomanmancameratv https://t.co/kyb3fRMYes","ary, Sir
Ya shit you pants
You nust leave!!",th big relay cnt,1
76,politics_08,LiarInChief,1298029600023482371,./tweet_data/politics_08/LiarInChief/tweets4/EgOHB2aXYAYiY5X.jpg,./annot_100_hate/EgOHB2aXYAYiY5X.jpg,Even the SISTER of #DonTheCon condemns the #LiarInChief @GOPLeader @GOP @SenatorCollins @GrassleyPress @SenThomTillis @LindseyGrahamSC @JohnCornyn @lisamurkowski @MarthaMcSally @JimInhofe @sendavidperdue @GOPChairwoman #VoteBlueToEndThisNightmare #VoteBlueToSaveAmerica https://t.co/yBzpP7FlgH https://t.co/36zN7AjrxI,"Long after
this moron
is dead
History will remember the
Cowards who kept quiet
and let this go on
Janlene",sar cg cr history remember ewe dad qy coward ent quiet oy sd let g0 io ry dy,1
77,politics_12,TrumpIsANationalDisgrace,1334573922218627073,./tweet_data/politics_12/TrumpIsANationalDisgrace/tweets1/EoVbDxHW4AAPNww.jpg,./annot_100_hate/EoVbDxHW4AAPNww.jpg,"Our #ConMan ""president"" has plenty up his sleeve and in his diaper.
#TrumpIsANationalDisgrace #TrumpIsANationalSecurityThreat https://t.co/SIV7VVwjOA","TAKING A
MASSIVE
DUMP ON
AMERICA.",pm seay ny ese america,1
78,politics_04,TrumpIsALaughingStock,1253913398363820032,./tweet_data/politics_04/TrumpIsALaughingStock/tweets4/EWbKCoyUcAAp6_q.jpg,./annot_100_hate/EWbKCoyUcAAp6_q.jpg,"In a cat's eye, all things belong to #cats.
üêàüòªüò∫
#catstagram #CatsOnTwitter #cat #TheLastDriveIn #TrumpIsALaughingStock #CelebDragRace https://t.co/mos4HK6wrw",,fi ey hee ey 44 movie wd siew oe wer ao ww ey ag 28 ae,0
79,ageism_04,covidiots,1253792061398167554,./tweet_data/ageism_04/covidiots/tweets4/EWZdOzUXQAELo6k.jpg,./annot_100_hate/EWZdOzUXQAELo6k.jpg,"What a week!! Time for a well earned toilet duck and coke or as I like to call it, a DonaldDuck!! #Trump #DonaldJTrump #DonaldTrump #DontDrinkBleach #COVIDIOTS #BLEACH #disinfectant #idiotinthewhitehouse https://t.co/LDdXviyTi4","ORIGINAL TASTE
SINCE 1886
Coca-Cola
For
COMMERCIAL &
INDUSTRIAL
Use Only
Duck
TOILET
OCEAN
HMGIENICCLEANER,
REMOVESDIRT, DESCALES
GAND DESTROYS ODOURS
For protessional
une only
Johnson
A FAMILY COMPANY
750mle
CUC",original taste rs ome aa ge qui cft fg,0
80,ageism_04,covidiots,1250634741117669376,./tweet_data/ageism_04/covidiots/tweets3/EVslqvAUEAE7zou.jpg,./annot_100_hate/EVslqvAUEAE7zou.jpg,@PurMeow @KyleClark @9NEWS @GovofCO @PatrickForCO Congratulations on your nomination for the 2020 Darwin Awards! Good luck with that #COVIDIOTS #Cult45 https://t.co/sX6YnraJZP,"Sir Mo
@moreki_mo
I swear we are fighting two
pandemics
Covid 19 and Stupidity
12:41 AM ¬∑ 3/27/20 ¬∑ Twitter for
iPhone
345K Retweets 1.1M Likes",sir mo swear fight pandemic 19 stupidity 1241 twitter iphone 345 retweets 11 likes tq,0
81,ageism_04,covidiots,1254766632603234314,./tweet_data/ageism_04/covidiots/tweets4/EWnTlpnU4AA2G3N.jpg,./annot_100_hate/EWnTlpnU4AA2G3N.jpg,@PIBFactCheck @ICMRDELHI @airnewsalerts @DDNewslive @PBNS_India PL CHECK THIS TOO &amp; REVERT.IF FAKE THEN TREAT THESE JOURNOS AS #COVIDIOTS . https://t.co/wTfWjMg6ZR,"Sreenivasan Jain @Sree. ¬∑ 3h v
Has India bought overpriced (and
faulty) COVID test kits from China?
@arvindgunasekar reports on NDTV
right now.
@OnReality_Check",jain sree 3h india buy overpriced faulty test kit report ndtv right,0
82,politics_12,kag,1337080739742015491,./tweet_data/politics_12/kag/tweets2/Eo5D17IW4AAZFAK.jpg,./annot_100_hate/Eo5D17IW4AAZFAK.jpg,Back to reality!#BidenConcede #Trump2020 #MAGA #KAG #CloserNation #CloserNews #ElectionFruad #Election2020 #election #USA #StopTheSteaI https://t.co/AKqOqwjjQ9,"NEWYORK POST
Page
Six.
THURSDAY, DECEMBER 10, 2020 / Mostly sunny, 50 / Weather: P. 49 ** LATE CITY FINAL nypost.com
$2.00
Kiss Kiss
Fang Fang
Rep. Eric Swalwell
(D-Calif.) with
accused spy
Fang Fang.
Mystery of the congressman
and the Chinese spy PAGES 4-5
HUNTER
TAX
PROBE
The feds have opened a
case into possible tax fraud
by President-elect Joe
Biden's son, Hunter. Sources
say it involves money Hunter
received from Chinese
companies, and the evidence
includes the laptop disclosed
by The Post in October.
PAGES 6-7
Biden son investigated for 'China cash'
Getty image",elf ei late city final oe vr co mystery chinese spy pace 45 hunter probe tt pais tel,0
83,politics_08,TrumpIsACompleteFailure,1297415008092135426,./tweet_data/politics_08/TrumpIsACompleteFailure/tweets4/EgFV5-rWoAEIa3E.png,./annot_100_hate/EgFV5-rWoAEIa3E.png,Trump looks like the kid that is mad b/c his parents made him take the Family Christmas/Holiday photo he didn't want to be in. #TrumpIsACompleteFailure #TrumpIsLosing https://t.co/QU6wOe6Gi9,"REPUBLICAN NATIONAL CONVENTION KEY SPEAKERS
PRESIDENT TRUMP MELANIA TRUMP
IVANKA TRUMP DONALD TRUMP JR
ERIC TRUMP
TIFFANY TRUMP
KRISTI NOEM
VP PENCE
NIKKI HALEY
KEVIN MCCARTHY
JONI ERNST
TIM SCOTT
/FOX
NEWS
ChanneT
ORLD TRADE ORG ELECTION, SOUTH KOREAN SPOX SAID INA STATEMENT... TALKS COME AFTER CORON",republican national convention key speaker oe donald trump jr ale eo sn,0
84,politics_12,LiarInChief,1337289732850556930,./tweet_data/politics_12/LiarInChief/tweets2/Eo8BsEdVgAEvdor.jpg,./annot_100_hate/Eo8BsEdVgAEvdor.jpg,Trump has become America's Biggest Loser. The recognition that he is due. #WorstPresidentInHistory @WhiteHouse #fakepresident #LiarInChief #moroninchief He is officially asshole of the year. #TimeLoserTrump https://t.co/Ls2Vx6jCKO,"Asshole of the Year
TIME
DONALD
TRUMP",asshole year af aa ld pp,1
85,politics_08,TrumpIsARapist,1289729993715511298,./tweet_data/politics_08/TrumpIsARapist/tweets1/EeYKlr9UYAcAj93.jpg,./annot_100_hate/EeYKlr9UYAcAj93.jpg,@realDonaldTrump  we all know your days are numbered! #TrumpIsARapist #TrumpIsUnwell #VoteBlueToSaveAmerica2020 https://t.co/67r6w5Q2iY,"ATTENTION TO ALL MY SUPPORTERS.
ITS ONLY A MATTER
OF TIME BEFORE I'M
LINKED TO JEFF EPSTEIN, SO
GET READY TO PUBLICLY
DEFEND PEDOPHILIA AND RAPE",pup ultra se pie time tm ey ready publicly te td,1
86,vaccine_04,CoronaHoax,1253123045599973379,./tweet_data/vaccine_04/CoronaHoax/tweets4/EWP8wppXgAAXvfr.jpg,./annot_100_hate/EWP8wppXgAAXvfr.jpg,Don‚Äôt give up on your freedom ..#freedom #Justice #FreeAssange #Covid19Out #CoronaBollocks #CoronaHoax #endthelockdown #EndTheShutdownNow #StaySafe #civildisobedience #standforsomething #Agenda2030 #FakePandemic #fakevirus #Plannedemic #CoronaVillains #FireFauci #PoliceBrutality https://t.co/c1h2qKU8YM,"Anyone in a free
society where the
laws are unjust
has an obligation
to break the law
Thoreau",free society law unjust obligation break law lh,0
87,politics_08,kag,1299686070628552705,./tweet_data/politics_08/kag/tweets5/EglplUVXgAAxOTg.jpg,./annot_100_hate/EglplUVXgAAxOTg.jpg,"This is the Election of our LIFETIME. A vote for President Trump is a vote to SAVE America #MAGA #KAG #TRUMP2020 #PATRIOT #CONSERVATIVE #Q #WWG1WGA #QAnon 
#DeAnna4Congress https://t.co/qOpbCzPD6H","ALL ABOARD
the *
TRU
Train 202",a8 ay coy rad lu ely train,0
88,ageism_04,covidiots,1251693853838540800,./tweet_data/ageism_04/covidiots/tweets3/EV7o7AbXQAAV9Le.jpg,./annot_100_hate/EV7o7AbXQAAV9Le.jpg,They walk among us. But only for a little while longer probably #COVIDIOTS https://t.co/haTiZOp1gZ,"SOCIAL
DISTANCING
TOW-AWAY
NO PARKING
TUESDAYS
2 00 PM
I1 00 PM
ENTIRE BLOCK
Bs REW
NOTICE
COMMUNISM
OPON TANLOUT
YORY
PHCALE",mes ss communism ay ead af oes ea eee te tt ai,0
89,politics_12,TrumpIsALaughingStock,1337581241911173120,./tweet_data/politics_12/TrumpIsALaughingStock/tweets2/EpALDLbXIAASqsM.jpg,./annot_100_hate/EpALDLbXIAASqsM.jpg,@realDonaldTrump Another win for Biden #PresidentElectBiden #TrumpDerangementSyndrome #TrumpMeltdown #TrumpIsANationalDisgrace #TrumpTheFool #TrumpIsALaughingStock https://t.co/ELSpNmG5qn,"DOUBLE ISSUE
DEC. 21 / DEC. 28, 2020
PERSONOF theYEAR
TIME
JOE BIDEN
AND
KAMALA
HARRIS
CHANGING
AMERICA'S
STORY
Elme.com",tie year ox biden,0
90,politics_08,bunkerboy,1298279152383074306,./tweet_data/politics_08/bunkerboy/tweets4/EgRqAedXkDQFIL1.jpg,./annot_100_hate/EgRqAedXkDQFIL1.jpg,@realDonaldTrump Who you calling crazy #bunkerboy https://t.co/HFodmH8ros,"AND THEN HE TOLD
HIS CULT MEMBERS
INJECT LYSOL AND STICK
A UV LIGHT UP YOUR ASS!
OCCUPY DEMOCRATS",ae te tet sit democrats uv light ass,1
91,politics_08,TrumpChaos,1298606457739411457,./tweet_data/politics_08/TrumpChaos/tweets4/EgWTsLWXgAEB41B.jpg,./annot_100_hate/EgWTsLWXgAEB41B.jpg,My calendar know things #TrumpChaos https://t.co/Xf3DMhToXg,"I went up the greasy pole
of politics step bY step.""
-BRITISH POLITICIAN MICHAEL HESELTINE
26
WEDNESDAY
AUGUST
2020",sk eae sha aae ae saas go greasy pole politic step step british politician michael wednesday 2020,0
92,politics_08,kag,1299781558887473157,./tweet_data/politics_08/kag/tweets5/EgnAcC1WAAEdJXR.jpg,./annot_100_hate/EgnAcC1WAAEdJXR.jpg,@ChrisMurphyCT LOL!  Such bull!  Trump 2020!  #KAG üá∫üá∏üòáüá∫üá∏ https://t.co/CcKuYiIV5H,"IN THE LAST 4 YEARS CAN YOU
NAME ANYTHING DEMOCRATS HAVE
DONE THAT DID NOT INVOLVE
THEIR HATE FOR TRUMP ?",rt ze ry bs er ff qin democrats cunt rt cl cu ay feed,0
93,immigration_08,BuildTheWall,1298117910100140033,./tweet_data/immigration_08/BuildTheWall/tweets4/EgPW4XgXkAAiSDh.jpg,./annot_100_hate/EgPW4XgXkAAiSDh.jpg,"#SteveBannon has been arrested for his #BuildTheWall fraud scheme so he's apparently a crook as well as a #WhiteSupremacist; I hope #DonaldTrump's former adviser enjoys many years behind bars as well as walls~!

https://t.co/mNNfQgDc7P https://t.co/zeLKkumDvn","STAR TRIBUNE
FLYNN
HERE
Roger Stone
was Here
MICHAEL
COHEN WAS
HERE
MICHAEL
WAS HERE
Steve
BANNON
GATES
WAS HERE
GEOR
PAPADOE
WAS HE
RICK
""THe BEST PEOPLE",a5 nen er stone ws ce oh es en qe ae po kee qe 7y pap fon ce var,1
94,ageism_12,covidiots,1344085666397708289,./tweet_data/ageism_12/covidiots/tweets5/Eqcl33fUcAANcu7.jpg,./annot_100_hate/Eqcl33fUcAANcu7.jpg,"@johnwcurtis those #covidiots sure do beLIEve some crazy things..like the ""test"" being used to fuel this plandemic is accurate!! The ones blamed ""broke the rules"" and aren't the ones getting tested and not getting traced back as vector of transmission..the media would have been ALL over that! https://t.co/29Defupshm","We have now seen a
Kiwi
Goat
A Bird
I Coca Cola
BLTASTE
Papaya
Coca-Cola
Durian
I Blank Test
D'Apple Juice
TEST POSITIVE FOR
COVID-19",seena cea mm ll bird coca cola bb arte cbd baie ie apple juice test positive,0
95,politics_04,TrumpGenocide,1245530004592697352,./tweet_data/politics_04/TrumpGenocide/tweets1/EUkC79lX0AAtzjx.jpg,./annot_100_hate/EUkC79lX0AAtzjx.jpg,We do not have a President. We have a heartless racist sociopath that will Kill many. He should go to jail for genocide #TrumpGenocide #COVID19 @GovRonDeSantis #Cuomo #biden #GOPDeathPanels https://t.co/qUWnwr7df5,"BBC NEWS
Top Stories
My News
Popular
LIVE
Trump: 'Next couple of weeks
will be horrific'
World",bibi cin hi story news popular wa ha ix ak rael hk trump couple week horrific world oo ps,0
96,politics_04,TrumpIsACompleteFailure,1253736935912353795,./tweet_data/politics_04/TrumpIsACompleteFailure/tweets4/EWYrGJUWAAQv81H.jpg,./annot_100_hate/EWYrGJUWAAQv81H.jpg,"@realDonaldTrump Sorry for them. Wonder if these are coming from the same place we were supposed to get ours from?

We're still waiting. 

#TrumpLiesPeopleDie 

#TrumpIsACompleteFailure 

#TrumpIsTheWORSTPresidentEVER https://t.co/lwnQT2aJzH","THIS IS
A LIAR.
THIS IS WH·∫¨T A
LIAR LOOKS LIKE.",bole ge usa liar look like,1
97,ageism_04,covidiots,1252752375183552513,./tweet_data/ageism_04/covidiots/tweets4/EWKrpO_WsA0WzGF.jpg,./annot_100_hate/EWKrpO_WsA0WzGF.jpg,"Furloughed. Hours of frustration attempting to get assistance. Kids (one special needs) lives disrupted, those all important routines shot to hell. I‚Äôm thinking it can‚Äôt get worse, and this douchebags‚Äô photo shows up on my feed. From my home state. Ugh. #COVIDIOTS https://t.co/qqz10gPOBF","SACRIFICE
THE
WEAK
RE-OPEN
IN
5 hours ago
Wow Tennessee. See More",ae aera ory pa sic wow tenn,1
98,politics_08,AmericaOrTrump,1292966849466920961,./tweet_data/politics_08/AmericaOrTrump/tweets2/EfGKEltUwAImVbX.jpg,./annot_100_hate/EfGKEltUwAImVbX.jpg,@realDonaldTrump You are responsible...like it or not. And so shallow that you lament the loss of entertainment instead of showing 'real' concern for the devastation your incompetence has wrought on the American people. #TrumpIsADisgrace #AmericaOrTrump #CrueltyIsThePoint #TrumpFailedAmerica https://t.co/ueMvjSYJQo,"LEFT IS
URIGHT
He said it wasn't real.
He said it's contained.
He said it would disappear.
He blamed Democrats.
He overruled scientists.
He endangered us all.
HE FAILED.
Image Credit: AP PHOTO/ CHERYL SENTER. Changes: cropped, resized, text added. Original: https://bit.ly/2WJDTmn",rae right oi ae rc er ce ns ee oe lj endanger ie pay,0
99,politics_08,TrumpChaos,1299550543191310337,./tweet_data/politics_08/TrumpChaos/tweets5/Egjt7VQU8AALkxe.jpg,./annot_100_hate/Egjt7VQU8AALkxe.jpg,"@ProjectLincoln End the nightmare on November 3rd!
https://t.co/UvwzQMbIYW
#TrumpChaos #TrumpIsLosing #TrumpMeltdown #BidenHarris #BidenHarris2020ToSaveAmerica https://t.co/v2PXpIk0xO","The nightmere.
is almost over!
.....
TRUMP
4 NEVER
2020+
* MAKE YOUR VOTE COUNT*
KAKE SACASN EEAT ALAN",nightmare eevee fina ix err vote count,0
